gameId,season,date,start,home,away,homeGoalie,homeGoalieStatus,awayGoalie,awayGoalieStatus,homeRest,awayRest,pHome,homeRate,awayRate,predictedAt,source,homeScore,awayScore,decidedBy
2026020001,2026,2026-09-29,2026-09-29T23:00:00Z,CAR,FLA,Brandon Bussi,Actual,Jacob Markstrom,Actual,4.0,4.0,0.6131644923886792,3.7969525766719503,2.9728189242838146,,reconstructed,0.0,1.0,OT
2026020002,2026,2026-09-29,2026-09-29T23:00:00Z,TOR,MTL,Sergei Bobrovsky,Actual,Jakub Dobes,Actual,4.0,4.0,0.4147745710177661,3.0524257773593284,3.534258243322337,,reconstructed,2.0,3.0,REG
2026020003,2026,2026-09-29,2026-09-29T23:00:00Z,BOS,NYR,Jeremy Swayman,Actual,Igor Shesterkin,Actual,4.0,4.0,0.5267473696777731,3.030760244992368,2.850055592478718,,reconstructed,3.0,0.0,REG
2026020004,2026,2026-09-29,2026-09-29T23:00:00Z,EDM,VAN,Tristan Jarry,Actual,Kevin Lankinen,Actual,4.0,4.0,0.7247024370898469,3.955887148640535,2.398830595078956,,reconstructed,5.0,6.0,OT
2026020005,2026,2026-09-29,2026-09-29T23:00:00Z,VGK,CHI,Carter Hart,Actual,Spencer Knight,Actual,4.0,4.0,0.7430014854404782,4.027813827980845,2.337033062530315,,reconstructed,5.0,2.0,REG
2026020006,2026,2026-09-30,2026-09-30T23:00:00Z,PHI,PIT,Dan Vladar,Actual,Arturs Silovs,Actual,4.0,4.0,0.5978815241526849,3.579007736890468,2.8294633975615104,,reconstructed,0.0,7.0,REG
2026020007,2026,2026-09-30,2026-09-30T23:00:00Z,COL,LAK,Mackenzie Blackwood,Actual,Darcy Kuemper,Actual,4.0,4.0,0.6157992182301031,3.2868132859232926,2.672681553370905,,reconstructed,8.0,4.0,REG
2026020008,2026,2026-09-30,2026-09-30T23:00:00Z,TOR,NYI,Anthony Stolarz,Actual,Ilya Sorokin,Actual,1.0,4.0,0.4087374347855703,2.8666524825392465,3.364887368480086,,reconstructed,2.0,1.0,REG
2026020009,2026,2026-10-01,2026-10-01T23:00:00Z,NJD,PHI,Jake Allen,Actual,Joseph Woll,Actual,4.0,1.0,0.5937873484698064,3.210344982067155,2.6242282993251425,,reconstructed,3.0,2.0,OT
2026020010,2026,2026-10-01,2026-10-01T23:00:00Z,NYR,TBL,Igor Shesterkin,Actual,Andrei Vasilevskiy,Actual,2.0,4.0,0.4315271428070766,2.74994512957026,3.016638595522476,,reconstructed,5.0,1.0,REG
2026020011,2026,2026-10-01,2026-10-01T23:00:00Z,CBJ,BUF,Jet Greaves,Actual,Ukko-Pekka Luukkonen,Actual,4.0,4.0,0.544738189188587,2.989474772530337,2.744100752182181,,reconstructed,6.0,3.0,REG
2026020012,2026,2026-10-01,2026-10-01T23:00:00Z,NSH,MIN,Juuse Saros,Actual,Jesper Wallstedt,Actual,4.0,4.0,0.4171378672497579,2.994261118597834,3.4456140642379456,,reconstructed,1.0,3.0,REG
2026020013,2026,2026-10-01,2026-10-01T23:00:00Z,UTA,CHI,Karel Vejmelka,Actual,Arvid Soderblom,Actual,4.0,2.0,0.7168954472727114,4.05910698595349,2.5223983873939915,,reconstructed,6.0,0.0,REG
2026020014,2026,2026-10-01,2026-10-01T23:00:00Z,CGY,SEA,Dustin Wolf,Actual,Joey Daccord,Actual,4.0,4.0,0.5073204171276502,3.0281228690263062,2.936825971305685,,reconstructed,1.0,6.0,REG
2026020015,2026,2026-10-01,2026-10-01T23:00:00Z,VAN,EDM,Leevi Merilinen,Actual,Devon Levi,Actual,2.0,2.0,0.3066849017967284,2.501501154961426,3.646124800403379,,reconstructed,7.0,9.0,REG
2026020016,2026,2026-10-01,2026-10-01T23:00:00Z,SJS,FLA,Yaroslav Askarov,Actual,Akira Schmid,Actual,4.0,2.0,0.4581964697318473,3.1250349031601403,3.331912128662073,,reconstructed,4.0,3.0,OT
2026020017,2026,2026-10-02,2026-10-02T23:00:00Z,DET,NYR,John Gibson,Actual,Dylan Garand,Actual,4.0,1.0,0.5408904942932875,3.030345185126329,2.8340716936614974,,reconstructed,0.0,2.0,REG
2026020018,2026,2026-10-02,2026-10-02T23:00:00Z,CAR,WSH,Brandon Bussi,Actual,Logan Thompson,Actual,3.0,4.0,0.5691862291274468,3.3222171078060847,2.8452136478842776,,reconstructed,2.0,5.0,REG
2026020019,2026,2026-10-02,2026-10-02T23:00:00Z,WPG,BOS,Stuart Skinner,Actual,Jeremy Swayman,Actual,4.0,3.0,0.5191640175005203,3.019079985556321,2.949579672769539,,reconstructed,3.0,4.0,OT
2026020020,2026,2026-10-02,2026-10-02T23:00:00Z,DAL,STL,Jake Oettinger,Actual,Joel Hofer,Actual,4.0,4.0,0.5639037045941246,3.1488922941868225,2.7794850651017087,,reconstructed,0.0,4.0,REG
2026020021,2026,2026-10-02,2026-10-02T23:00:00Z,VGK,ANA,Carter Hart,Actual,Lukas Dostal,Actual,3.0,4.0,0.623065533133375,3.586460888159546,2.7968535947194733,,reconstructed,3.0,4.0,REG
2026020022,2026,2026-10-03,2026-10-03T23:00:00Z,BUF,CHI,Ukko-Pekka Luukkonen,Actual,Spencer Knight,Actual,2.0,2.0,0.7206728973877335,3.8697314799017017,2.3475473581840363,,reconstructed,4.0,3.0,REG
2026020023,2026,2026-10-03,2026-10-03T23:00:00Z,TOR,OTT,Sergei Bobrovsky,Actual,Linus Ullmark,Actual,3.0,4.0,0.3565879000129788,2.7168958831299683,3.656134556955399,,reconstructed,2.0,3.0,REG
2026020024,2026,2026-10-03,2026-10-03T23:00:00Z,TBL,WSH,Andrei Vasilevskiy,Actual,Charlie Lindgren,Actual,2.0,1.0,0.6384582859605755,3.560976318305086,2.682647196070582,,reconstructed,3.0,1.0,REG
2026020025,2026,2026-10-03,2026-10-03T23:00:00Z,PHI,CAR,Joseph Woll,Actual,Pyotr Kochetkov,Actual,2.0,1.0,0.5069693500244253,2.964251053334104,2.865971960643724,,reconstructed,2.0,3.0,OT
2026020026,2026,2026-10-03,2026-10-03T23:00:00Z,PIT,MTL,Arturs Silovs,Actual,Jakub Dobes,Actual,3.0,4.0,0.5083024759820434,3.438274654303321,3.3156421069397584,,reconstructed,6.0,5.0,OT
2026020027,2026,2026-10-03,2026-10-03T23:00:00Z,CBJ,UTA,Jet Greaves,Actual,Sebastian Cossa,Actual,2.0,2.0,0.5466803180322947,3.125368884173144,2.8177838711338303,,reconstructed,1.0,4.0,REG
2026020028,2026,2026-10-03,2026-10-03T23:00:00Z,EDM,SEA,Devon Levi,Actual,Philipp Grubauer,Actual,2.0,2.0,0.6490931499655729,3.626145473239281,2.6058908913244374,,reconstructed,3.0,1.0,REG
2026020029,2026,2026-10-03,2026-10-03T23:00:00Z,NYI,NJD,Ilya Sorokin,Actual,Nico Daws,Actual,3.0,2.0,0.5000841128300155,3.073169745172901,3.1004609901775817,,reconstructed,6.0,0.0,REG
2026020030,2026,2026-10-03,2026-10-03T23:00:00Z,NSH,DAL,Juuse Saros,Actual,Casey DeSmith,Actual,2.0,1.0,0.4478967547092521,2.869858059806256,3.1206420693240795,,reconstructed,2.0,1.0,REG
2026020031,2026,2026-10-03,2026-10-03T23:00:00Z,MIN,BOS,Jesper Wallstedt,Actual,Michael DiPietro,Actual,2.0,1.0,0.6994696515822871,3.899944309555633,2.6598413214406595,,reconstructed,4.0,1.0,REG
2026020032,2026,2026-10-03,2026-10-03T23:00:00Z,COL,STL,Mackenzie Blackwood,Actual,Jordan Binnington,Actual,3.0,1.0,0.6865586173063671,3.735551266482003,2.637043889686822,,reconstructed,6.0,1.0,REG
2026020033,2026,2026-10-03,2026-10-03T23:00:00Z,VAN,CGY,Leevi Merilinen,Actual,Devin Cooley,Actual,2.0,2.0,0.4501494111127363,2.9406927640258416,3.1422295916725584,,reconstructed,4.0,1.0,REG
2026020034,2026,2026-10-03,2026-10-03T23:00:00Z,SJS,LAK,Yaroslav Askarov,Actual,Anton Forsberg,Actual,2.0,3.0,0.4264089022979155,2.786813880806698,3.1945473215120765,,reconstructed,5.0,4.0,OT
2026020035,2026,2026-10-04,2026-10-04T23:00:00Z,DET,WPG,John Gibson,Actual,Stuart Skinner,Actual,2.0,2.0,0.5009624085316338,2.955344210110059,2.8937441361949183,,reconstructed,2.0,3.0,REG
2026020036,2026,2026-10-04,2026-10-04T23:00:00Z,NYR,UTA,Igor Shesterkin,Actual,Karel Vejmelka,Actual,2.0,1.0,0.5586948211743159,3.2112041851696125,2.7759132714299444,,reconstructed,4.0,2.0,REG
2026020037,2026,2026-10-04,2026-10-04T23:00:00Z,ANA,FLA,Lukas Dostal,Actual,Jacob Markstrom,Actual,2.0,3.0,0.5462327295041511,3.501552757891224,3.1487823705621745,,reconstructed,3.0,2.0,OT
2026020038,2026,2026-10-04,2026-10-04T23:00:00Z,SEA,CGY,Joey Daccord,Actual,Dustin Wolf,Actual,1.0,1.0,0.5842435899618879,3.184863206957441,2.696169477313552,,reconstructed,6.0,1.0,REG
2026020039,2026,2026-10-04,2026-10-04T23:00:00Z,VAN,VGK,Kevin Lankinen,Actual,Adin Hill,Actual,1.0,2.0,0.2654012772759073,2.41398784734376,3.909059040226293,,reconstructed,2.0,3.0,REG
2026020040,2026,2026-10-05,2026-10-05T23:00:00Z,TBL,PHI,Andrei Vasilevskiy,Expected,Dan Vladar,Confirmed,2.0,2.0,0.6292098200271803,3.2826433897269687,2.5255840044614555,2026-10-05T22:14Z,live,4.0,1.0,REG
2026020041,2026,2026-10-05,2026-10-05T23:30:00Z,BOS,OTT,Jeremy Swayman,Confirmed,Linus Ullmark,Confirmed,2.0,2.0,0.467720637868769,2.876679869938133,3.0922972933686776,2026-10-05T22:14Z,live,1.0,4.0,REG
2026020042,2026,2026-10-05,2026-10-05T23:30:00Z,PIT,WPG,Sergei Murashov,Confirmed,Clay Stevenson,Confirmed,2.0,1.0,0.6205180450178783,3.726560271624504,2.838673366430173,2026-10-05T22:14Z,live,2.0,3.0,REG
2026020043,2026,2026-10-05,2026-10-06T00:00:00Z,DAL,SJS,Jake Oettinger,Confirmed,Yaroslav Askarov,Confirmed,2.0,2.0,0.6493540239253484,3.5218575420946285,2.587550542643432,2026-10-05T22:14Z,live,5.0,0.0,REG
2026020044,2026,2026-10-06,2026-10-06T23:00:00Z,TOR,NSH,Anthony Stolarz,Confirmed,Juuse Saros,Confirmed,3.0,3.0,0.5227586099822719,3.216095213151475,3.076715790721239,2026-10-06T20:38Z,live,5.0,4.0,OT
2026020045,2026,2026-10-06,2026-10-06T23:00:00Z,MTL,CAR,Jakub Dobes,Confirmed,Brandon Bussi,Confirmed,3.0,3.0,0.4735867657051099,3.0962786545399115,3.218198367086928,2026-10-06T20:38Z,live,4.0,6.0,REG
2026020046,2026,2026-10-06,2026-10-06T23:00:00Z,DET,OTT,John Gibson,Confirmed,Samuel Ersson,Expected,2.0,1.0,0.5116763844721891,3.07613256716698,3.112524736302096,2026-10-06T20:38Z,live,5.0,3.0,REG
2026020047,2026,2026-10-06,2026-10-06T23:00:00Z,NJD,UTA,Jake Allen,Confirmed,Karel Vejmelka,Confirmed,3.0,2.0,0.5644242165738806,3.342686632111362,2.8967270066525352,2026-10-06T20:38Z,live,3.0,5.0,REG
2026020049,2026,2026-10-06,2026-10-06T23:00:00Z,BUF,MIN,Colten Ellis,Confirmed,Jesper Wallstedt,Confirmed,3.0,3.0,0.5013348131142138,3.1153387513362807,3.0448628226126275,2026-10-06T20:38Z,live,3.0,2.0,OT
2026020048,2026,2026-10-06,2026-10-06T23:30:00Z,NYR,NYI,Igor Shesterkin,Confirmed,Semyon Varlamov,Confirmed,2.0,3.0,0.5730690566076957,3.323769598279242,2.8331444296543484,2026-10-06T20:38Z,live,5.0,2.0,REG
2026020050,2026,2026-10-06,2026-10-07T00:00:00Z,CHI,STL,Spencer Knight,Confirmed,Joel Hofer,Confirmed,3.0,3.0,0.3456229899558612,2.5161272387775235,3.449111571593272,2026-10-06T20:38Z,live,4.0,2.0,REG
2026020051,2026,2026-10-06,2026-10-07T01:40:00Z,SEA,VGK,Joey Daccord,Expected,Carter Hart,Expected,2.0,2.0,0.3920960871162305,2.6901412698922007,3.362694520891734,2026-10-07T00:13Z,live,2.0,6.0,REG
2026020052,2026,2026-10-06,2026-10-07T02:00:00Z,LAK,FLA,Darcy Kuemper,Confirmed,Jacob Markstrom,Confirmed,3.0,2.0,0.5695013557491239,3.28082150115855,2.8046687965484938,2026-10-07T00:13Z,live,1.0,2.0,REG
2026020053,2026,2026-10-07,2026-10-07T23:30:00Z,WSH,PIT,Logan Thompson,Confirmed,Arturs Silovs,Confirmed,4.0,2.0,0.5745588125567285,3.589901984372124,2.9995381995410666,2026-10-07T20:52Z,live,5.0,3.0,REG
2026020054,2026,2026-10-07,2026-10-07T23:30:00Z,WPG,COL,Stuart Skinner,Expected,Mackenzie Blackwood,Confirmed,2.0,4.0,0.4087439808301698,2.818117726802435,3.433414617140682,2026-10-07T20:52Z,live,3.0,2.0,REG
2026020055,2026,2026-10-07,2026-10-08T02:00:00Z,ANA,EDM,Lukas Dostal,Confirmed,Devon Levi,Confirmed,3.0,4.0,0.4760671925341578,3.169161930496437,3.230184187625567,2026-10-08T00:32Z,live,2.0,5.0,REG
2026020056,2026,2026-10-08,2026-10-08T23:00:00Z,BOS,UTA,Jeremy Swayman,Confirmed,Sebastian Cossa,Confirmed,3.0,2.0,0.5126722512630852,3.106776739271468,2.9847627375031927,2026-10-08T20:54Z,live,6.0,1.0,REG
2026020057,2026,2026-10-08,2026-10-08T23:00:00Z,BUF,DAL,Ukko-Pekka Luukkonen,Confirmed,Jake Oettinger,Confirmed,2.0,3.0,0.5194699413869934,3.0363391266315234,2.8926481064118623,2026-10-08T20:54Z,live,0.0,4.0,REG
2026020058,2026,2026-10-08,2026-10-08T23:00:00Z,MTL,NSH,Jacob Fowler,Confirmed,Juuse Saros,Confirmed,2.0,2.0,0.6089230764770326,3.547311899440852,2.852408616523926,2026-10-08T20:54Z,live,2.0,5.0,REG
2026020059,2026,2026-10-08,2026-10-08T23:00:00Z,OTT,PHI,Linus Ullmark,Confirmed,Joseph Woll,Confirmed,2.0,3.0,0.6344677106770793,3.386971112591367,2.549929005855189,2026-10-08T20:54Z,live,2.0,1.0,REG
2026020060,2026,2026-10-08,2026-10-08T23:00:00Z,TBL,MIN,Dennis Hildeby,Confirmed,Jesper Wallstedt,Confirmed,3.0,2.0,0.5629303935014798,3.182705552857294,2.8231493882544947,2026-10-08T20:54Z,live,3.0,2.0,REG
2026020061,2026,2026-10-08,2026-10-08T23:00:00Z,CAR,VAN,Pyotr Kochetkov,Expected,Kevin Lankinen,Confirmed,2.0,4.0,0.7716477372660451,4.350295981871711,2.343284928866769,2026-10-08T20:54Z,live,7.0,2.0,REG
2026020062,2026,2026-10-08,2026-10-08T23:30:00Z,NYI,CHI,Ilya Sorokin,Confirmed,Spencer Knight,Expected,2.0,2.0,0.6831404991398082,3.712679888012279,2.5016489288315635,2026-10-08T20:54Z,live,4.0,1.0,REG
2026020063,2026,2026-10-08,2026-10-09T00:00:00Z,STL,SJS,Joel Hofer,Confirmed,Alex Nedeljkovic,Confirmed,2.0,3.0,0.6209349731817562,3.3478295306982804,2.5383438394733138,2026-10-08T20:54Z,live,2.0,3.0,OT
2026020064,2026,2026-10-08,2026-10-09T01:00:00Z,CGY,COL,Devin Cooley,Confirmed,Scott Wedgewood,Expected,4.0,1.0,0.3616234706948693,2.521836075235599,3.377998134327902,2026-10-09T00:45Z,live,3.0,7.0,REG
2026020065,2026,2026-10-08,2026-10-09T02:00:00Z,VGK,TOR,Adin Hill,Confirmed,Sergei Bobrovsky,Confirmed,2.0,2.0,0.6910402919521228,3.912738568467137,2.5771105914308,2026-10-09T00:45Z,live,4.0,3.0,SO
2026020066,2026,2026-10-09,2026-10-09T23:00:00Z,DET,SEA,John Gibson,Confirmed,Joey Daccord,Expected,3.0,3.0,0.584986004901156,3.274426623672519,2.743985256753384,2026-10-09T20:23Z,live,3.0,6.0,REG
2026020067,2026,2026-10-09,2026-10-09T23:00:00Z,WSH,NYR,Logan Thompson,Confirmed,Igor Shesterkin,Confirmed,2.0,3.0,0.5457704847592196,3.1415375927442524,2.832126760659047,2026-10-09T20:23Z,live,3.0,1.0,REG
2026020068,2026,2026-10-09,2026-10-09T23:00:00Z,CBJ,PIT,Cam Talbot,Confirmed,Sergei Murashov,Confirmed,4.0,2.0,0.5562159477172481,3.378939146106372,2.9963222197749046,2026-10-09T20:23Z,live,3.0,2.0,SO
2026020069,2026,2026-10-09,2026-10-10T00:00:00Z,WPG,ANA,Clay Stevenson,Confirmed,Lukas Dostal,Expected,2.0,2.0,0.5085435825373794,3.141779489830976,3.101245864894876,2026-10-09T20:23Z,live,1.0,5.0,REG
2026020070,2026,2026-10-10,2026-10-10T17:00:00Z,BOS,PHI,Jeremy Swayman,Expected,Dan Vladar,Confirmed,2.0,2.0,0.5706414909786015,3.145808582729888,2.7125739634341848,2026-10-10T16:17Z,live,5.0,1.0,REG
2026020071,2026,2026-10-10,2026-10-10T19:30:00Z,NJD,VAN,Jake Allen,Expected,Kevin Lankinen,Expected,4.0,2.0,0.7364723207459962,4.093056155369518,2.392671804071058,2026-10-10T16:17Z,live,,,
2026020072,2026,2026-10-10,2026-10-10T20:00:00Z,SJS,EDM,Yaroslav Askarov,Confirmed,Tristan Jarry,Confirmed,2.0,3.0,0.3855599954159049,2.8522015699278587,3.505076563316762,2026-10-10T19:37Z,live,,,
2026020073,2026,2026-10-10,2026-10-10T22:00:00Z,FLA,MIN,Jacob Markstrom,Confirmed,Jesper Wallstedt,Expected,4.0,2.0,0.4911705995510557,3.0701996042976725,3.088648033351401,2026-10-10T19:37Z,live,,,
2026020074,2026,2026-10-10,2026-10-10T23:00:00Z,BUF,UTA,Colten Ellis,Confirmed,Karel Vejmelka,Expected,2.0,2.0,0.542241218844828,3.220423273994572,2.907234597957073,2026-10-10T19:37Z,live,,,
2026020075,2026,2026-10-10,2026-10-10T23:00:00Z,MTL,DET,Jacob Fowler,Confirmed,Daniil Tarasov,Confirmed,2.0,1.0,0.6375012883500023,3.560128055022615,2.6665250246601984,2026-10-10T19:37Z,live,,,
2026020076,2026,2026-10-10,2026-10-10T23:00:00Z,OTT,NSH,Linus Ullmark,Expected,Juuse Saros,Expected,2.0,2.0,0.6821190749566148,3.761871077811563,2.578434344657722,2026-10-10T19:37Z,live,,,
2026020077,2026,2026-10-10,2026-10-10T23:00:00Z,PIT,DAL,Arturs Silovs,Expected,Jake Oettinger,Confirmed,1.0,2.0,0.40434979811258426,2.941404894262626,3.5354745714586358,2026-10-10T19:37Z,live,,,
2026020078,2026,2026-10-10,2026-10-10T23:00:00Z,CHI,CAR,Spencer Knight,Expected,Brandon Bussi,Expected,2.0,2.0,0.27346427755406577,2.4618305175819675,3.922773362224534,2026-10-10T19:37Z,live,,,
2026020079,2026,2026-10-10,2026-10-10T23:00:00Z,STL,CBJ,Jordan Binnington,Confirmed,Jet Greaves,Confirmed,2.0,1.0,0.5315844533687963,2.950045944196585,2.7857897668051876,2026-10-10T19:37Z,live,,,
2026020080,2026,2026-10-10,2026-10-10T23:00:00Z,COL,TOR,Mackenzie Blackwood,Expected,Anthony Stolarz,Expected,2.0,2.0,0.7103749360224687,4.025813971755861,2.5371923310176143,2026-10-10T19:37Z,live,,,
2026020081,2026,2026-10-10,2026-10-10T23:30:00Z,NYI,TBL,Ilya Sorokin,Confirmed,Andrei Vasilevskiy,Expected,2.0,2.0,0.4350520314286115,2.7957358268028023,3.167821740997227,2026-10-10T19:37Z,live,,,
2026020082,2026,2026-10-10,2026-10-11T02:00:00Z,CGY,ANA,Dustin Wolf,Confirmed,Ville Husso,Expected,2.0,1.0,0.45827334844732037,3.032972206584409,3.306019728264712,2026-10-10T19:37Z,live,,,
2026020083,2026,2026-10-10,2026-10-11T02:00:00Z,VGK,LAK,Carter Hart,Expected,Darcy Kuemper,Expected,2.0,4.0,0.5917712093188507,3.160970190093075,2.632964627338783,2026-10-10T19:37Z,live,,,
2026020084,2026,2026-10-11,2026-10-11T21:00:00Z,WSH,SEA,Logan Thompson,Expected,Joey Daccord,Expected,2.0,2.0,0.6528080480801435,3.6890289253503865,2.632049362770693,2026-10-10T19:37Z,live,,,
2026020085,2026,2026-10-11,2026-10-11T22:00:00Z,NYR,VAN,Dylan Garand,Expected,Leevi Meriläinen,Expected,2.0,1.0,0.7394542726055326,3.9668360099444246,2.2818386759227782,2026-10-10T19:37Z,live,,,
2026020086,2026,2026-10-11,2026-10-11T23:00:00Z,PHI,CAR,Joseph Woll,Expected,Pyotr Kochetkov,Expected,1.0,1.0,0.3920286453621758,2.6577140198452467,3.2651770551191897,2026-10-10T19:37Z,live,,,
2026020087,2026,2026-10-12,2026-10-12T17:00:00Z,BUF,FLA,Ukko-Pekka Luukkonen,Expected,Jacob Markstrom,Expected,2.0,2.0,0.5767458026869912,3.302432662250645,2.8097063896452474,2026-10-10T19:37Z,live,,,
2026020088,2026,2026-10-12,2026-10-12T23:00:00Z,NJD,OTT,Jake Allen,Expected,Linus Ullmark,Expected,2.0,2.0,0.5004206193775816,3.022985340393116,3.031295945070427,2026-10-10T19:37Z,live,,,
2026020089,2026,2026-10-12,2026-10-13T00:00:00Z,MIN,VGK,Jesper Wallstedt,Expected,Carter Hart,Expected,2.0,2.0,0.5146125986091559,3.0259174654761822,2.989652757927305,2026-10-10T19:37Z,live,,,
2026020090,2026,2026-10-13,2026-10-13T22:00:00Z,DET,NJD,John Gibson,Expected,Nico Daws,Expected,3.0,1.0,0.5332859445799925,3.132451805338275,2.951578764550009,2026-10-10T19:37Z,live,,,
2026020091,2026,2026-10-13,2026-10-13T22:15:00Z,CBJ,FLA,Jet Greaves,Expected,Akira Schmid,Expected,3.0,1.0,0.6287862258950705,3.3129669761265554,2.555698287868856,2026-10-10T19:37Z,live,,,
2026020092,2026,2026-10-13,2026-10-13T22:30:00Z,MTL,BUF,Jakub Dobes,Expected,Colten Ellis,Expected,3.0,1.0,0.5573486692738372,3.1823924922516604,2.8201895663356193,2026-10-10T19:37Z,live,,,
2026020093,2026,2026-10-13,2026-10-13T22:45:00Z,CAR,WSH,Brandon Bussi,Expected,Logan Thompson,Expected,2.0,2.0,0.5812493313121299,3.472282932162426,2.9216328840557777,2026-10-10T19:37Z,live,,,
2026020094,2026,2026-10-13,2026-10-13T23:00:00Z,PHI,SEA,Dan Vladar,Expected,Joey Daccord,Expected,2.0,2.0,0.5648181753572119,3.217753404595754,2.7824485803730163,2026-10-10T19:37Z,live,,,
2026020095,2026,2026-10-13,2026-10-13T23:15:00Z,NYR,TBL,Dylan Garand,Expected,Andrei Vasilevskiy,Expected,2.0,3.0,0.440955599626708,2.771882110968198,3.0439967479973737,2026-10-10T19:37Z,live,,,
2026020096,2026,2026-10-13,2026-10-13T23:30:00Z,OTT,STL,Samuel Ersson,Expected,Joel Hofer,Expected,1.0,3.0,0.5218667579983585,3.0831890194849185,3.0071899560165085,2026-10-10T19:37Z,live,,,
2026020097,2026,2026-10-13,2026-10-13T23:45:00Z,NYI,VAN,Ilya Sorokin,Expected,Kevin Lankinen,Expected,3.0,2.0,0.7031145158987625,3.914832807201531,2.50789106143732,2026-10-10T19:37Z,live,,,
2026020098,2026,2026-10-13,2026-10-14T00:00:00Z,CHI,PIT,Spencer Knight,Expected,Arturs Silovs,Expected,3.0,3.0,0.38249936003654283,2.9585377461545534,3.6578988810759983,2026-10-10T19:37Z,live,,,
2026020099,2026,2026-10-13,2026-10-14T00:15:00Z,WPG,MIN,Stuart Skinner,Expected,Calvin Pickard,Expected,4.0,1.0,0.5382616014205214,3.172936435355397,2.9935661677404055,2026-10-10T19:37Z,live,,,
2026020100,2026,2026-10-13,2026-10-14T00:30:00Z,DAL,COL,Jake Oettinger,Expected,Mackenzie Blackwood,Expected,3.0,3.0,0.49199645048072493,3.0065432828530567,3.06658939403677,2026-10-10T19:37Z,live,,,
2026020101,2026,2026-10-13,2026-10-14T00:45:00Z,NSH,VGK,Juuse Saros,Expected,Adin Hill,Expected,3.0,1.0,0.43741502806140353,2.8745507400196506,3.270799186838446,2026-10-10T19:37Z,live,,,
2026020102,2026,2026-10-13,2026-10-14T01:00:00Z,UTA,TOR,Karel Vejmelka,Expected,Sergei Bobrovsky,Expected,3.0,3.0,0.659623218509319,3.8965014131235627,2.7368223050169145,2026-10-10T19:37Z,live,,,
2026020103,2026,2026-10-13,2026-10-14T01:45:00Z,ANA,CGY,Lukas Dostal,Expected,Devin Cooley,Expected,3.0,3.0,0.6594944636727775,3.652753360317392,2.6012078770504994,2026-10-10T19:37Z,live,,,
2026020104,2026,2026-10-13,2026-10-14T02:30:00Z,LAK,EDM,Darcy Kuemper,Expected,Tristan Jarry,Expected,3.0,3.0,0.5157378351378156,3.0492151395409275,2.8893529478593054,2026-10-10T19:37Z,live,,,
2026020105,2026,2026-10-13,2026-10-14T03:00:00Z,SJS,BOS,Yaroslav Askarov,Expected,Jeremy Swayman,Expected,3.0,3.0,0.43647090769268515,2.864429560379536,3.265386140070275,2026-10-10T19:37Z,live,,,
2026020106,2026,2026-10-14,2026-10-14T23:30:00Z,WSH,MTL,Charlie Lindgren,Expected,Jacob Fowler,Expected,1.0,1.0,0.5393311003876279,3.3662831389352794,3.0764541741505744,2026-10-10T19:37Z,live,,,
2026020107,2026,2026-10-14,2026-10-15T00:30:00Z,COL,DAL,Scott Wedgewood,Expected,Casey DeSmith,Expected,1.0,1.0,0.5930855486925057,3.217865420074105,2.6685363878160713,2026-10-10T19:37Z,live,,,
2026020108,2026,2026-10-15,2026-10-15T23:00:00Z,TOR,BUF,Sergei Bobrovsky,Expected,Ukko-Pekka Luukkonen,Expected,2.0,2.0,0.39415661679366903,2.8384497720201214,3.4856931674440315,2026-10-10T19:37Z,live,,,
2026020109,2026,2026-10-15,2026-10-15T23:00:00Z,OTT,NYI,Linus Ullmark,Expected,Ilya Sorokin,Expected,2.0,2.0,0.6242847929297111,3.4393441630375126,2.675417153367746,2026-10-10T19:37Z,live,,,
2026020111,2026,2026-10-15,2026-10-15T23:00:00Z,TBL,SEA,Andrei Vasilevskiy,Expected,Joey Daccord,Expected,2.0,2.0,0.6987755047231868,3.7245310635260207,2.441542679692633,2026-10-10T19:37Z,live,,,
2026020112,2026,2026-10-15,2026-10-15T23:00:00Z,FLA,VAN,Jacob Markstrom,Expected,Kevin Lankinen,Expected,2.0,2.0,0.7047786821002263,3.988347214186968,2.5191388007631446,2026-10-10T19:37Z,live,,,
2026020113,2026,2026-10-15,2026-10-15T23:00:00Z,NJD,NYR,Jake Allen,Expected,Dylan Garand,Expected,2.0,2.0,0.5683818738919384,3.1887462104966535,2.7794237985889776,2026-10-10T19:37Z,live,,,
2026020110,2026,2026-10-15,2026-10-15T23:30:00Z,DET,PHI,John Gibson,Expected,Dan Vladar,Expected,2.0,2.0,0.5515118555909169,3.046800488398832,2.7708211047774545,2026-10-10T19:37Z,live,,,
2026020114,2026,2026-10-15,2026-10-16T00:00:00Z,CHI,WPG,Spencer Knight,Expected,Stuart Skinner,Expected,2.0,2.0,0.4002750660444926,2.6975600089545364,3.2172039550538263,2026-10-10T19:37Z,live,,,
2026020115,2026,2026-10-15,2026-10-16T00:00:00Z,NSH,SJS,Juuse Saros,Expected,Yaroslav Askarov,Expected,2.0,2.0,0.5670105937914489,3.4396680452045767,2.964591301917988,2026-10-10T19:37Z,live,,,
2026020116,2026,2026-10-15,2026-10-16T00:00:00Z,MIN,STL,Jesper Wallstedt,Expected,Joel Hofer,Expected,2.0,2.0,0.5718109190829127,3.122211194914593,2.74268133065405,2026-10-10T19:37Z,live,,,
2026020117,2026,2026-10-15,2026-10-16T01:00:00Z,EDM,UTA,Tristan Jarry,Expected,Karel Vejmelka,Expected,2.0,2.0,0.5307097296754426,3.3173137797409353,3.044566473276614,2026-10-10T19:37Z,live,,,
2026020118,2026,2026-10-15,2026-10-16T02:00:00Z,VGK,CGY,Carter Hart,Expected,Dustin Wolf,Expected,2.0,2.0,0.7335651013479578,3.8195307865696293,2.3165727783378434,2026-10-10T19:37Z,live,,,
2026020119,2026,2026-10-16,2026-10-17T01:00:00Z,COL,PIT,Mackenzie Blackwood,Expected,Arturs Silovs,Expected,2.0,3.0,0.6714424978394229,4.093894461235762,2.8790712219659147,2026-10-10T19:37Z,live,,,
2026020120,2026,2026-10-16,2026-10-17T02:00:00Z,ANA,BOS,Lukas Dostal,Expected,Jeremy Swayman,Expected,3.0,3.0,0.5516413177299748,3.2869192511437473,2.9771491316829497,2026-10-10T19:37Z,live,,,
2026020121,2026,2026-10-17,2026-10-17T17:00:00Z,WSH,NJD,Logan Thompson,Projected,Jake Allen,Projected,3.0,2.0,0.5437707692282601,3.2435219672188995,2.903403719409891,2026-10-10T19:37Z,live,,,
2026020122,2026,2026-10-17,2026-10-17T19:30:00Z,WPG,CAR,Stuart Skinner,Projected,Brandon Bussi,Projected,2.0,4.0,0.39604626881371496,2.798482113816004,3.4523804564645895,2026-10-10T19:37Z,live,,,
2026020123,2026,2026-10-17,2026-10-17T20:00:00Z,TBL,VAN,Andrei Vasilevskiy,Projected,Kevin Lankinen,Projected,2.0,2.0,0.7831995654185455,4.222619818435988,2.2043540708238414,2026-10-10T19:37Z,live,,,
2026020124,2026,2026-10-17,2026-10-17T22:00:00Z,FLA,SEA,Jacob Markstrom,Projected,Joey Daccord,Projected,2.0,2.0,0.6064301165746193,3.517892618821852,2.7901982624026695,2026-10-10T19:37Z,live,,,
2026020125,2026,2026-10-17,2026-10-17T23:00:00Z,TOR,NYI,Sergei Bobrovsky,Projected,Ilya Sorokin,Projected,2.0,2.0,0.44463456058002304,3.022678713041364,3.372267829905667,2026-10-10T19:37Z,live,,,
2026020126,2026,2026-10-17,2026-10-17T23:00:00Z,MTL,BUF,Jakub Dobes,Projected,Ukko-Pekka Luukkonen,Projected,3.0,2.0,0.5151127352008602,3.1015240619593,2.9773659869959355,2026-10-10T19:37Z,live,,,
2026020127,2026,2026-10-17,2026-10-17T23:00:00Z,DET,SJS,John Gibson,Projected,Yaroslav Askarov,Projected,2.0,2.0,0.6091720567664716,3.413005745864975,2.744120338086655,2026-10-10T19:37Z,live,,,
2026020128,2026,2026-10-17,2026-10-17T23:00:00Z,PHI,OTT,Dan Vladar,Projected,Linus Ullmark,Projected,2.0,2.0,0.42244767014757756,2.700056802612501,3.1811172452772607,2026-10-10T19:37Z,live,,,
2026020129,2026,2026-10-17,2026-10-17T23:00:00Z,CBJ,NYR,Jet Greaves,Projected,Dylan Garand,Projected,4.0,2.0,0.5790319943360036,3.047694933646147,2.62268909133738,2026-10-10T19:37Z,live,,,
2026020130,2026,2026-10-17,2026-10-17T23:00:00Z,CHI,DAL,Spencer Knight,Projected,Jake Oettinger,Projected,2.0,3.0,0.31357196307974566,2.400090260363297,3.5270797078615708,2026-10-10T19:37Z,live,,,
2026020131,2026,2026-10-17,2026-10-18T00:00:00Z,NSH,STL,Juuse Saros,Projected,Joel Hofer,Projected,2.0,2.0,0.4501644438868748,2.8740467466865818,3.166213504075825,2026-10-10T19:37Z,live,,,
2026020132,2026,2026-10-17,2026-10-18T01:00:00Z,LAK,BOS,Darcy Kuemper,Projected,Jeremy Swayman,Projected,4.0,1.0,0.6128013478153289,3.180145653695523,2.5523920439460754,2026-10-10T19:37Z,live,,,
2026020133,2026,2026-10-17,2026-10-18T02:00:00Z,UTA,EDM,Karel Vejmelka,Projected,Tristan Jarry,Projected,2.0,2.0,0.524946726905829,3.2972883936470683,3.063057006052964,2026-10-10T19:37Z,live,,,
2026020134,2026,2026-10-17,2026-10-18T02:00:00Z,VGK,PIT,Carter Hart,Projected,Arturs Silovs,Projected,2.0,1.0,0.6850105089500855,3.9713048084055185,2.718504636295774,2026-10-10T19:37Z,live,,,
2026020135,2026,2026-10-18,2026-10-18T22:00:00Z,MIN,CBJ,Jesper Wallstedt,Projected,Jet Greaves,Projected,3.0,1.0,0.5901801920659018,3.1148252757685517,2.6310539032680293,2026-10-10T19:37Z,live,,,
2026020136,2026,2026-10-18,2026-10-19T00:00:00Z,CGY,CAR,Dustin Wolf,Projected,Brandon Bussi,Projected,3.0,1.0,0.3545040712877945,2.66994472071438,3.5860158469493584,2026-10-10T19:37Z,live,,,
2026020137,2026,2026-10-19,2026-10-19T23:00:00Z,NYR,ANA,Dylan Garand,Projected,Lukas Dostal,Projected,2.0,3.0,0.528147802448157,3.226239694473695,2.9886213571229403,2026-10-10T19:37Z,live,,,
2026020138,2026,2026-10-19,2026-10-19T23:00:00Z,PHI,COL,Dan Vladar,Projected,Scott Wedgewood,Projected,2.0,3.0,0.3780280599941791,2.6434940521051264,3.3768816517278983,2026-10-10T19:37Z,live,,,
2026020139,2026,2026-10-19,2026-10-19T23:30:00Z,TOR,SJS,Sergei Bobrovsky,Projected,Yaroslav Askarov,Projected,2.0,2.0,0.5400260829594554,3.3917239914683535,3.112193888367088,2026-10-10T19:37Z,live,,,
2026020140,2026,2026-10-19,2026-10-20T01:00:00Z,UTA,PIT,Karel Vejmelka,Projected,Arturs Silovs,Projected,2.0,2.0,0.5944897503734994,3.797415893826243,3.093896642618809,2026-10-10T19:37Z,live,,,
2026020141,2026,2026-10-20,2026-10-20T23:00:00Z,MTL,SJS,Jakub Dobes,Projected,Yaroslav Askarov,Projected,3.0,1.0,0.700527353571269,3.848712377075579,2.5206901427322292,2026-10-10T19:37Z,live,,,
2026020142,2026,2026-10-20,2026-10-20T23:00:00Z,NJD,COL,Jake Allen,Projected,Scott Wedgewood,Projected,3.0,1.0,0.5033614407075985,3.073565620752354,3.0512251315446495,2026-10-10T19:37Z,live,,,
2026020143,2026,2026-10-20,2026-10-20T23:00:00Z,NYI,ANA,Ilya Sorokin,Projected,Lukas Dostal,Projected,3.0,1.0,0.5712926117540686,3.379239852653041,2.9491522700441104,2026-10-10T19:37Z,live,,,
2026020144,2026,2026-10-20,2026-10-20T23:00:00Z,WSH,LAK,Logan Thompson,Projected,Darcy Kuemper,Projected,3.0,3.0,0.5586493833486503,3.143143948974006,2.7456603174009304,2026-10-10T19:37Z,live,,,
2026020145,2026,2026-10-20,2026-10-20T23:00:00Z,CBJ,TOR,Jet Greaves,Projected,Sergei Bobrovsky,Projected,2.0,1.0,0.7113827125321894,3.7819792598875965,2.3836719053435123,2026-10-10T19:37Z,live,,,
2026020146,2026,2026-10-20,2026-10-21T00:00:00Z,STL,WPG,Joel Hofer,Projected,Stuart Skinner,Projected,3.0,3.0,0.5844410983901405,3.1987537744554517,2.601791106456487,2026-10-10T19:37Z,live,,,
2026020147,2026,2026-10-20,2026-10-21T00:00:00Z,DAL,BOS,Jake Oettinger,Projected,Jeremy Swayman,Projected,3.0,3.0,0.6018980894444861,3.2151769660733573,2.6417997936280204,2026-10-10T19:37Z,live,,,
2026020148,2026,2026-10-20,2026-10-21T01:00:00Z,EDM,MIN,Tristan Jarry,Projected,Jesper Wallstedt,Projected,3.0,2.0,0.5272703439491608,3.205264631421828,2.9877012883712153,2026-10-10T19:37Z,live,,,
2026020149,2026,2026-10-20,2026-10-21T01:40:00Z,SEA,DET,Joey Daccord,Projected,John Gibson,Projected,3.0,3.0,0.48632106965110594,3.045718082215344,3.0489929677715955,2026-10-10T19:37Z,live,,,
2026020150,2026,2026-10-20,2026-10-21T02:00:00Z,VAN,CAR,Kevin Lankinen,Projected,Brandon Bussi,Projected,3.0,2.0,0.2517247250308721,2.52909177973563,4.164578090578086,2026-10-10T19:37Z,live,,,
2026020151,2026,2026-10-20,2026-10-21T02:30:00Z,VGK,TBL,Carter Hart,Projected,Andrei Vasilevskiy,Projected,3.0,3.0,0.5189869425770124,3.0037340879873904,2.8784676195969863,2026-10-10T19:37Z,live,,,
2026020152,2026,2026-10-21,2026-10-21T23:30:00Z,BUF,PHI,Ukko-Pekka Luukkonen,Projected,Dan Vladar,Projected,4.0,2.0,0.6218197326238739,3.2932602663669397,2.569988138018626,2026-10-10T19:37Z,live,,,
2026020153,2026,2026-10-21,2026-10-21T23:30:00Z,OTT,FLA,Linus Ullmark,Projected,Jacob Markstrom,Projected,4.0,4.0,0.6129690501782808,3.454769413038392,2.725657282424264,2026-10-10T19:37Z,live,,,
2026020154,2026,2026-10-22,2026-10-22T23:00:00Z,BOS,NSH,Jeremy Swayman,Projected,Juuse Saros,Projected,2.0,4.0,0.6073750649165255,3.4471943875898945,2.7620189747608235,2026-10-10T19:37Z,live,,,
2026020155,2026,2026-10-22,2026-10-22T23:00:00Z,TOR,NYR,Sergei Bobrovsky,Projected,Dylan Garand,Projected,2.0,3.0,0.43041765941554444,2.9045271246362256,3.343495040373281,2026-10-10T19:37Z,live,,,
2026020156,2026,2026-10-22,2026-10-22T23:00:00Z,OTT,SJS,Linus Ullmark,Projected,Yaroslav Askarov,Projected,1.0,2.0,0.6675753125117766,3.65943385926025,2.564112671993943,2026-10-10T19:37Z,live,,,
2026020157,2026,2026-10-22,2026-10-22T23:00:00Z,NJD,ANA,Jake Allen,Projected,Lukas Dostal,Projected,2.0,2.0,0.5615896690886704,3.39493190100516,2.9687362952403746,2026-10-10T19:37Z,live,,,
2026020158,2026,2026-10-22,2026-10-22T23:00:00Z,PIT,FLA,Arturs Silovs,Projected,Jacob Markstrom,Projected,3.0,1.0,0.5590145639818598,3.5644754628008033,3.174862167869585,2026-10-10T19:37Z,live,,,
2026020159,2026,2026-10-22,2026-10-22T23:30:00Z,NYI,LAK,Ilya Sorokin,Projected,Darcy Kuemper,Projected,2.0,2.0,0.5090551853201504,2.9420838692882225,2.8976398876177902,2026-10-10T19:37Z,live,,,
2026020160,2026,2026-10-22,2026-10-23T00:00:00Z,STL,VGK,Joel Hofer,Projected,Carter Hart,Projected,2.0,2.0,0.47961444745662196,2.8486822652835433,2.9584425192527424,2026-10-10T19:37Z,live,,,
2026020161,2026,2026-10-22,2026-10-23T00:00:00Z,DAL,WPG,Jake Oettinger,Projected,Stuart Skinner,Projected,2.0,2.0,0.6317565279151769,3.3618023736964626,2.519187459858343,2026-10-10T19:37Z,live,,,
2026020162,2026,2026-10-22,2026-10-23T01:00:00Z,CGY,MIN,Dustin Wolf,Projected,Jesper Wallstedt,Projected,4.0,2.0,0.36402788863885255,2.61601502305767,3.43673629424681,2026-10-10T19:37Z,live,,,
2026020163,2026,2026-10-22,2026-10-23T01:00:00Z,EDM,CAR,Tristan Jarry,Projected,Brandon Bussi,Projected,2.0,2.0,0.4689525469715812,3.150104169466064,3.2877093706993916,2026-10-10T19:37Z,live,,,
2026020164,2026,2026-10-22,2026-10-23T02:00:00Z,SEA,UTA,Joey Daccord,Projected,Karel Vejmelka,Projected,2.0,3.0,0.41498019245356565,2.949912906343661,3.4016738404141567,2026-10-10T19:37Z,live,,,
2026020165,2026,2026-10-22,2026-10-23T02:00:00Z,VAN,DET,Kevin Lankinen,Projected,John Gibson,Projected,2.0,2.0,0.3692480660164519,2.749835630134627,3.456740704370916,2026-10-10T19:37Z,live,,,
2026020166,2026,2026-10-23,2026-10-24T00:00:00Z,CHI,MTL,Spencer Knight,Projected,Jakub Dobes,Projected,4.0,3.0,0.33871736583620043,2.5930259106901,3.5356269567346517,2026-10-10T19:37Z,live,,,
2026020167,2026,2026-10-23,2026-10-24T01:00:00Z,COL,TBL,Scott Wedgewood,Projected,Andrei Vasilevskiy,Projected,3.0,3.0,0.5590183500521673,3.2091091345098177,2.825307397377034,2026-10-10T19:37Z,live,,,
