team,PTS%,season
NJD,.646,2008
PIT,.604,2008
PHI,.604,2008
NYR,.579,2008
NYI,.372,2008
BOS,.707,2008
MTL,.567,2008
BUF,.555,2008
OTT,.506,2008
TOR,.494,2008
WSH,.659,2008
CAR,.591,2008
FLA,.567,2008
ATL,.463,2008
TBL,.402,2008
DET,.683,2008
CHI,.634,2008
STL,.561,2008
CBJ,.561,2008
NSH,.537,2008
VAN,.610,2008
CGY,.598,2008
MIN,.543,2008
EDM,.518,2008
COL,.421,2008
SJS,.713,2008
ANA,.555,2008
DAL,.506,2008
ARI,.482,2008
LAK,.482,2008
NJD,.628,2009
PIT,.616,2009
PHI,.537,2009
NYR,.530,2009
NYI,.482,2009
BUF,.610,2009
OTT,.573,2009
BOS,.555,2009
MTL,.537,2009
TOR,.451,2009
WSH,.738,2009
ATL,.506,2009
CAR,.488,2009
TBL,.488,2009
FLA,.470,2009
CHI,.683,2009
DET,.622,2009
NSH,.610,2009
STL,.549,2009
CBJ,.482,2009
VAN,.628,2009
COL,.579,2009
CGY,.549,2009
MIN,.512,2009
EDM,.378,2009
SJS,.689,2009
ARI,.652,2009
LAK,.616,2009
ANA,.543,2009
DAL,.537,2009
PHI,.646,2010
PIT,.646,2010
NYR,.567,2010
NJD,.494,2010
NYI,.445,2010
BOS,.628,2010
MTL,.585,2010
BUF,.585,2010
TOR,.518,2010
OTT,.451,2010
WSH,.652,2010
TBL,.628,2010
CAR,.555,2010
ATL,.488,2010
FLA,.439,2010
DET,.634,2010
NSH,.604,2010
CHI,.591,2010
STL,.530,2010
CBJ,.494,2010
VAN,.713,2010
CGY,.573,2010
MIN,.524,2010
COL,.415,2010
EDM,.378,2010
SJS,.640,2010
ANA,.604,2010
ARI,.604,2010
LAK,.598,2010
DAL,.579,2010
NYR,.665,2011
PIT,.659,2011
PHI,.628,2011
NJD,.622,2011
NYI,.482,2011
BOS,.622,2011
OTT,.561,2011
BUF,.543,2011
TOR,.488,2011
MTL,.476,2011
FLA,.573,2011
WSH,.561,2011
TBL,.512,2011
WPG,.512,2011
CAR,.500,2011
STL,.665,2011
NSH,.634,2011
DET,.622,2011
CHI,.616,2011
CBJ,.396,2011
VAN,.677,2011
CGY,.549,2011
COL,.537,2011
MIN,.494,2011
EDM,.451,2011
ARI,.591,2011
SJS,.585,2011
LAK,.579,2011
DAL,.543,2011
ANA,.488,2011
PIT,.750,2012
NYR,.583,2012
NYI,.573,2012
PHI,.510,2012
NJD,.500,2012
MTL,.656,2012
BOS,.646,2012
TOR,.594,2012
OTT,.583,2012
BUF,.500,2012
WSH,.594,2012
WPG,.531,2012
CAR,.438,2012
TBL,.417,2012
FLA,.375,2012
CHI,.802,2012
STL,.625,2012
DET,.583,2012
CBJ,.573,2012
NSH,.427,2012
VAN,.615,2012
MIN,.573,2012
EDM,.469,2012
CGY,.438,2012
COL,.406,2012
ANA,.688,2012
LAK,.615,2012
SJS,.594,2012
ARI,.531,2012
DAL,.500,2012
BOS,.713,2013
TBL,.616,2013
MTL,.610,2013
DET,.567,2013
OTT,.537,2013
TOR,.512,2013
FLA,.402,2013
BUF,.317,2013
PIT,.665,2013
NYR,.585,2013
PHI,.573,2013
CBJ,.567,2013
WSH,.549,2013
NJD,.537,2013
CAR,.506,2013
NYI,.482,2013
COL,.683,2013
STL,.677,2013
CHI,.652,2013
MIN,.598,2013
DAL,.555,2013
NSH,.537,2013
WPG,.512,2013
ANA,.707,2013
SJS,.677,2013
LAK,.610,2013
ARI,.543,2013
VAN,.506,2013
CGY,.470,2013
EDM,.409,2013
MTL,.671,2014
TBL,.659,2014
DET,.610,2014
OTT,.604,2014
BOS,.585,2014
FLA,.555,2014
TOR,.415,2014
BUF,.329,2014
NYR,.689,2014
WSH,.616,2014
NYI,.616,2014
PIT,.598,2014
CBJ,.543,2014
PHI,.512,2014
NJD,.476,2014
CAR,.433,2014
STL,.665,2014
NSH,.634,2014
CHI,.622,2014
MIN,.610,2014
WPG,.604,2014
DAL,.561,2014
COL,.549,2014
ANA,.665,2014
VAN,.616,2014
CGY,.591,2014
LAK,.579,2014
SJS,.543,2014
EDM,.378,2014
ARI,.341,2014
FLA,.628,2015
TBL,.591,2015
DET,.567,2015
BOS,.567,2015
OTT,.518,2015
MTL,.500,2015
BUF,.494,2015
TOR,.421,2015
WSH,.732,2015
PIT,.634,2015
NYR,.616,2015
NYI,.610,2015
PHI,.585,2015
CAR,.524,2015
NJD,.512,2015
CBJ,.463,2015
DAL,.665,2015
STL,.652,2015
CHI,.628,2015
NSH,.585,2015
MIN,.530,2015
COL,.500,2015
WPG,.476,2015
ANA,.628,2015
LAK,.622,2015
SJS,.598,2015
ARI,.476,2015
CGY,.470,2015
VAN,.457,2015
EDM,.427,2015
MTL,.628,2016
OTT,.598,2016
BOS,.579,2016
TOR,.579,2016
TBL,.573,2016
FLA,.494,2016
DET,.482,2016
BUF,.476,2016
WSH,.720,2016
PIT,.677,2016
CBJ,.659,2016
NYR,.622,2016
NYI,.573,2016
PHI,.537,2016
CAR,.530,2016
NJD,.427,2016
CHI,.665,2016
MIN,.646,2016
STL,.604,2016
NSH,.573,2016
WPG,.530,2016
DAL,.482,2016
COL,.293,2016
ANA,.640,2016
EDM,.628,2016
SJS,.604,2016
CGY,.573,2016
LAK,.524,2016
ARI,.427,2016
VAN,.421,2016
TBL,.689,2017
BOS,.683,2017
TOR,.640,2017
FLA,.585,2017
DET,.445,2017
MTL,.433,2017
OTT,.409,2017
BUF,.378,2017
WSH,.640,2017
PIT,.610,2017
PHI,.598,2017
CBJ,.591,2017
NJD,.591,2017
CAR,.506,2017
NYI,.488,2017
NYR,.470,2017
NSH,.713,2017
WPG,.695,2017
MIN,.616,2017
COL,.579,2017
STL,.573,2017
DAL,.561,2017
CHI,.463,2017
VGK,.665,2017
ANA,.616,2017
SJS,.610,2017
LAK,.598,2017
CGY,.512,2017
EDM,.476,2017
VAN,.445,2017
ARI,.427,2017
TBL,.780,2018
BOS,.652,2018
TOR,.610,2018
MTL,.585,2018
FLA,.524,2018
BUF,.463,2018
DET,.451,2018
OTT,.390,2018
WSH,.634,2018
NYI,.628,2018
PIT,.610,2018
CAR,.604,2018
CBJ,.598,2018
PHI,.500,2018
NYR,.476,2018
NJD,.439,2018
NSH,.610,2018
WPG,.604,2018
STL,.604,2018
DAL,.567,2018
COL,.549,2018
CHI,.512,2018
MIN,.506,2018
CGY,.652,2018
SJS,.616,2018
VGK,.567,2018
ARI,.524,2018
VAN,.494,2018
ANA,.488,2018
EDM,.482,2018
LAK,.433,2018
BOS,.714,2019
TBL,.657,2019
TOR,.579,2019
FLA,.565,2019
MTL,.500,2019
BUF,.493,2019
OTT,.437,2019
DET,.275,2019
WSH,.652,2019
PHI,.645,2019
PIT,.623,2019
CAR,.596,2019
CBJ,.579,2019
NYI,.588,2019
NYR,.564,2019
NJD,.493,2019
STL,.662,2019
COL,.657,2019
DAL,.594,2019
WPG,.563,2019
NSH,.565,2019
MIN,.558,2019
CHI,.514,2019
VGK,.606,2019
EDM,.585,2019
CGY,.564,2019
VAN,.565,2019
ARI,.529,2019
ANA,.472,2019
LAK,.457,2019
SJS,.450,2019
CAR,.714,2020
FLA,.705,2020
TBL,.670,2020
NSH,.571,2020
DAL,.536,2020
CHI,.491,2020
DET,.429,2020
CBJ,.429,2020
PIT,.688,2020
WSH,.688,2020
BOS,.652,2020
NYI,.634,2020
NYR,.536,2020
PHI,.518,2020
NJD,.402,2020
BUF,.330,2020
TOR,.688,2020
EDM,.643,2020
WPG,.563,2020
MTL,.527,2020
CGY,.491,2020
OTT,.455,2020
VAN,.446,2020
COL,.732,2020
VGK,.732,2020
MIN,.670,2020
STL,.563,2020
ARI,.482,2020
LAK,.438,2020
SJS,.438,2020
ANA,.384,2020
FLA,.744,2021
TOR,.701,2021
TBL,.671,2021
BOS,.652,2021
BUF,.457,2021
DET,.451,2021
OTT,.445,2021
MTL,.335,2021
CAR,.707,2021
NYR,.671,2021
PIT,.628,2021
WSH,.610,2021
NYI,.512,2021
CBJ,.494,2021
NJD,.384,2021
PHI,.372,2021
COL,.726,2021
MIN,.689,2021
STL,.665,2021
DAL,.598,2021
NSH,.591,2021
WPG,.543,2021
CHI,.415,2021
ARI,.348,2021
CGY,.677,2021
EDM,.634,2021
LAK,.604,2021
VGK,.573,2021
VAN,.561,2021
SJS,.470,2021
ANA,.463,2021
SEA,.366,2021
BOS,.823,2022
TOR,.677,2022
TBL,.598,2022
FLA,.561,2022
BUF,.555,2022
OTT,.524,2022
DET,.488,2022
MTL,.415,2022
CAR,.689,2022
NJD,.683,2022
NYR,.652,2022
NYI,.567,2022
PIT,.555,2022
WSH,.488,2022
PHI,.457,2022
CBJ,.360,2022
COL,.665,2022
DAL,.659,2022
MIN,.628,2022
WPG,.579,2022
NSH,.561,2022
STL,.494,2022
ARI,.427,2022
CHI,.360,2022
VGK,.677,2022
EDM,.665,2022
LAK,.634,2022
SEA,.610,2022
CGY,.567,2022
VAN,.506,2022
SJS,.366,2022
ANA,.354,2022
FLA,.671,2023
BOS,.665,2023
TOR,.622,2023
TBL,.598,2023
DET,.555,2023
BUF,.512,2023
OTT,.476,2023
MTL,.463,2023
NYR,.695,2023
CAR,.677,2023
NYI,.573,2023
WSH,.555,2023
PIT,.537,2023
PHI,.530,2023
NJD,.494,2023
CBJ,.402,2023
DAL,.689,2023
WPG,.671,2023
COL,.652,2023
NSH,.604,2023
STL,.561,2023
MIN,.530,2023
ARI,.470,2023
CHI,.317,2023
VAN,.665,2023
EDM,.634,2023
LAK,.604,2023
VGK,.598,2023
CGY,.494,2023
SEA,.494,2023
ANA,.360,2023
SJS,.287,2023
TOR,.659,2024
TBL,.622,2024
FLA,.598,2024
OTT,.591,2024
MTL,.555,2024
DET,.524,2024
BUF,.482,2024
BOS,.463,2024
WSH,.677,2024
CAR,.604,2024
NJD,.555,2024
CBJ,.543,2024
NYR,.518,2024
NYI,.500,2024
PIT,.488,2024
PHI,.463,2024
WPG,.707,2024
DAL,.646,2024
COL,.622,2024
MIN,.591,2024
STL,.585,2024
UTA,.543,2024
NSH,.415,2024
CHI,.372,2024
VGK,.671,2024
LAK,.640,2024
EDM,.616,2024
CGY,.585,2024
VAN,.549,2024
ANA,.488,2024
SEA,.463,2024
SJS,.317,2024
